﻿<?xml version="1.0" encoding="utf-8" ?>
<Defs>

	<RecipeDef>
		<defName>MakeFertilizerWithCorpse</defName>
		<label>make fertilizer with corpse</label>
		<description>Grind the meat and put them in fermentation process.Now we get the bloody fertilizer which is full of nutrient.</description>
		<jobString>Making fertilizer with corpse.</jobString>
		<workAmount>1750</workAmount>
		<workSpeedStat>UnskilledLaborSpeed</workSpeedStat>
		<effectWorking>Cremate</effectWorking>
		<soundWorking>Recipe_Cremate</soundWorking>
		<autoStripCorpses>true</autoStripCorpses>
		<workSkill>Cooking</workSkill>
		<ingredients>
			<li>
				<filter>
					<categories>
						<li>Corpses</li>
					</categories>
				</filter>
				<count>1</count>
			</li>
		</ingredients>
		<fixedIngredientFilter>
			<categories>
				<li>Corpses</li>
			</categories>
			<disallowedCategories>
				<li>CorpsesMechanoid</li>
			</disallowedCategories>
		</fixedIngredientFilter>
		<defaultIngredientFilter>
			<thingDefs>
				<li>Corpse_Human</li>
			</thingDefs>
			<specialFiltersToAllow>
				<li>AllowCorpsesStranger</li>
			</specialFiltersToAllow>
		</defaultIngredientFilter>
		<products>
			<CorpseFertilizer>18</CorpseFertilizer>
		</products>
		<recipeUsers>
			<li>TableButcher</li>
		</recipeUsers>
	</RecipeDef>
	
		<RecipeDef>
		<defName>BreedMaggotsWithCorpse</defName>
		<label>breed the maggots</label>
		<description>The maggots in rimworld can grow and reproduce in unbelievable efficiency if they get enough corpses.They don't care about fresh or rotten, just don't give them the antiseptic one.</description>
		<jobString>Breeding maggots with corpse.</jobString>
		<workAmount>1200</workAmount>
		<workSpeedStat>UnskilledLaborSpeed</workSpeedStat>
		<effectWorking>ButcherFlesh</effectWorking>
		<soundWorking>Recipe_ButcherCorpseFlesh</soundWorking>
		<autoStripCorpses>true</autoStripCorpses>
		<workSkill>Animals</workSkill>
		<ingredients>
			<li>
				<filter>
					<categories>
						<li>Corpses</li>
					</categories>
				</filter>
				<count>1</count>
			</li>
		</ingredients>
		<fixedIngredientFilter>
			<categories>
				<li>Corpses</li>
			</categories>
			<disallowedCategories>
				<li>CorpsesMechanoid</li>
			</disallowedCategories>
		</fixedIngredientFilter>
		<defaultIngredientFilter>
			<thingDefs>
				<li>Corpse_Human</li>
			</thingDefs>
			<specialFiltersToAllow>
				<li>AllowCorpsesStranger</li>
			</specialFiltersToAllow>
		</defaultIngredientFilter>
		<products>
			<LargeMaggots>75</LargeMaggots>
		</products>
		<recipeUsers>
			<li>MaggotsBreeder</li>
		</recipeUsers>
	</RecipeDef>
	
	<RecipeDef>
		<defName>MakeAntisepticCorpse</defName>
		<label>make antiseptic corpse</label>
		<description>To make an corpse filled with herbs and wrapped by cloth.Sounds like mummy,but it's better.Whenever you remove the cloth,you will still get a body without decay and dehydration.</description>
		<jobString>making antiseptic corpse.</jobString>
		<workAmount>1150</workAmount>
		<workSpeedStat>ButcheryFleshSpeed</workSpeedStat>
		<effectWorking>ButcherFlesh</effectWorking>
		<soundWorking>Recipe_ButcherCorpseFlesh</soundWorking>
		<autoStripCorpses>true</autoStripCorpses>
		<workSkill>Medicine</workSkill>
		<workSkillLearnFactor>1.15</workSkillLearnFactor>
		<skillRequirements> 
			<Medicine>7</Medicine>
        </skillRequirements>
		<ingredients>
			<li>
				<filter>
					<categories>
						<li>CorpsesHumanlike</li>
					</categories>
				</filter>
				<count>1</count>
			</li>
		  <li>
			<filter>
			  <thingDefs>
				<li>Cloth</li>
			  </thingDefs>
			</filter>
			<count>8</count>
		  </li>
		  <li>
			<filter>
			  <thingDefs>
				<li>MedicineHerbal</li>
			  </thingDefs>
			</filter>
			<count>4</count>
		  </li>
		</ingredients>
		<fixedIngredientFilter>
			<categories>
				<li>CorpsesHumanlike</li>
			</categories>
		<specialFiltersToDisallow>
			<li>AllowRotten</li>
		</specialFiltersToDisallow>
		</fixedIngredientFilter>
		<defaultIngredientFilter>
			<thingDefs>
				<li>Corpse_Human</li>
			</thingDefs>
			<specialFiltersToAllow>
				<li>AllowCorpsesColonist</li>
				<li>AllowCorpsesStranger</li>
			</specialFiltersToAllow>
		</defaultIngredientFilter>
		<products>
			<AntisepticCorpse>1</AntisepticCorpse>
		</products>
		<recipeUsers>
			<li>TableButcher</li>
		</recipeUsers>
	</RecipeDef>
	
	

</Defs>
